time_ms,can_id,b0,b1,b2,b3,b4,b5,b6,b7
0,769,76,29,120,0,1,45,80,16
0,770,30,0,60,0,50,120,0,0
0,772,90,0,120,0,90,1,1,0
0,1008,10,90,60,4,0,0,0,0
3000,769,232,28,120,0,2,45,80,16
3000,770,30,0,58,0,50,120,0,0
3000,772,90,0,120,0,90,1,2,0
3000,1008,12,88,62,4,0,0,0,0
6000,769,132,28,120,0,3,45,80,16
6000,770,30,0,55,0,50,120,0,0
6000,772,90,0,120,0,90,1,3,0
6000,1008,80,70,90,4,0,0,0,0
9000,769,32,28,120,0,4,45,80,16
9000,770,30,0,50,0,50,120,0,0
9000,772,90,0,120,0,90,1,4,0
9000,1008,85,65,92,4,0,0,0,0
12000,769,88,27,120,0,5,45,80,16
12000,770,30,0,45,0,50,120,0,0
12000,772,90,0,120,0,90,1,5,0
12000,1008,88,60,95,4,0,0,0,0
